SAP è.;Název;Ulice;Mìsto;PSÈ;;;;;;;;;;;;;;;;;;;;;;;;;;;;;;;;;;;;;;;;;;;;;;;;;;;;;;;
;S.A.F. PRAHA spol s.r.o;Vybiralova 975;Praha 9;198 00;;;;;;;;;;;;;;;;;;;;;;;;;;;;;;;;;;;;;;;;;;;;;;;;;;;;;;;
;S.A.F. PRAHA spol s.r.o;Vybiralova 975;Praha 9;198 00;;;;;;;;;;;;;;;;;;;;;;;;;;;;;;;;;;;;;;;;;;;;;;;;;;;;;;;
;S.A.F. PRAHA spol s.r.o;Vybiralova 975;Praha 9;198 00;;;;;;;;;;;;;;;;;;;;;;;;;;;;;;;;;;;;;;;;;;;;;;;;;;;;;;;
;S.A.F. PRAHA spol s.r.o;Vybiralova 975;Praha 9;198 00;;;;;;;;;;;;;;;;;;;;;;;;;;;;;;;;;;;;;;;;;;;;;;;;;;;;;;;
;S.A.F. PRAHA spol s.r.o;Vybiralova 975;Praha 9;198 00;;;;;;;;;;;;;;;;;;;;;;;;;;;;;;;;;;;;;;;;;;;;;;;;;;;;;;;
;S.A.F. PRAHA spol s.r.o;Vybiralova 975;Praha 9;198 00;;;;;;;;;;;;;;;;;;;;;;;;;;;;;;;;;;;;;;;;;;;;;;;;;;;;;;;
;S.A.F. PRAHA spol s.r.o;Vybiralova 975;Praha 9;198 00;;;;;;;;;;;;;;;;;;;;;;;;;;;;;;;;;;;;;;;;;;;;;;;;;;;;;;;
416736;S.A.F. PRAHA spol s.r.o;Vybiralova 975;Praha 9;198 00;;;;;;;;;;;;;;;;;;;;;;;;;;;;;;;;;;;;;;;;;;;;;;;;;;;;;;;
416731;Bürkert Contromatic GmbH AT;Krenova 35;Brno;602 00;;;;;;;;;;;;;;;;;;;;;;;;;;;;;;;;;;;;;;;;;;;;;;;;;;;;;;;
416760;OERLIKON BALZERS COATING AUSTRIA GM;Cerveny Kriz 282;Jihlava;586 02;;;;;;;;;;;;;;;;;;;;;;;;;;;;;;;;;;;;;;;;;;;;;;;;;;;;;;;
